country,region_scope,education_level,qualification,qualification_type,grade_year,age_range,duration,framework_level,institution_type,exam,admission_requirement,progression_to,official_term,common_terms,credit_requirement,verification,source,source_type,research_date,notes
Nepal,National,Pre-primary,None,none,,4-5,>=1 year,,ECED centre,none,none,Grade 1,Early Childhood Education and Development (ECED),"ECD; pre-primary; PPE; nursery; KG; Montessori",,warn,CEHRD Flash I Report 2081,Tier1-government,2026-08-21,No certificate issued. Not relevant to admissions.
Nepal,National,Basic (lower),None,none,Grades 1-5,5-9,5 years,,Community/institutional school,school-based,age 5,Grades 6-8,Basic Education (lower cycle),"primary (legacy)",,confirmed,"Compulsory and Free Education Act 2075; CEHRD Flash I Report 2081",Tier1-government,2026-08-21,Compulsory and free.
Nepal,National,Basic (upper),Basic Education completion,school certificate,Grades 6-8,10-12,3 years,,Community/institutional school,Grade 8 examination (local level),Grade 5 completion,Grade 9,Basic Education (upper cycle),"lower secondary (legacy)",,warn,"Compulsory and Free Education Act 2075",Tier1-government,2026-08-21,Grade 8 exam administered by local levels post-federalisation; national standing unclear.
Nepal,National,Lower secondary,SEE certificate,school certificate,Grades 9-10,13-14,2 years full-time,NQF/ISCED 2 boundary,Community/institutional school,SEE (Secondary Education Examination),Grade 8 completion,Grades 11-12 or CTEVT stream,Secondary Education Examination (SEE),"SEE; SLC (pre-2016 usage)",,confirmed,"CTEVT/NSTB NQF Short Explanation Sept 2019; NEB",Tier1-framework,2026-08-21,"NOT a university-entry qualification. Replaced SLC in 2016."
Nepal,National,Upper secondary,NEB Grade 12 certificate,school-leaving certificate,Grades 11-12,15-16,2 years full-time,"NQF: General Education; ISCED 3","Secondary school; +2 college; university-affiliated campus",NEB Grade 12 Examination,SEE completion (subject minima for some streams),Bachelor's degree,"Secondary Education (upper cycle); NQF calls it School Leaving Certificate Exam","+2; Plus Two; Class 12; higher secondary; intermediate (legacy)","~27 credit hours reported for Grade 11 (unverified)",confirmed,"CTEVT/NSTB NQF Short Explanation Sept 2019 s.G2; CEHRD Flash I Report 2081",Tier1-framework,2026-08-21,"Nepal's university-entrance qualification. NER for Grades 11-12 was 37.1% in 2024/25."
Nepal,National,TVET short-cycle,Pre-Diploma (formerly TSLC),vocational certificate,,post-SEE,18 months incl. OJT,,CTEVT-affiliated technical institute,CTEVT assessment,SEE or equivalent,CTEVT Diploma,Pre-Diploma,"TSLC; Technical School Leaving Certificate",,warn,CTEVT (via secondary sources),Tier1-body-unverified,2026-08-21,Reported ~80% practical / 20% theory.
Nepal,National,TVET diploma,CTEVT Diploma,vocational diploma,,post-SEE,3 years,NQF Level 6 area (Diploma),CTEVT-affiliated technical institute/polytechnic,CTEVT examination,SEE with subject grade minima,Bachelor's degree (reported),Diploma,"PCL (legacy); technical diploma",,warn,CTEVT (via secondary sources),Tier1-body-unverified,2026-08-21,"Taken INSTEAD OF Grades 11-12. Grade 12 equivalence widely reported but NOT primary-source confirmed."
Nepal,National,Vocational competency,National Technician Certificate (NTC),competency certificate,,,varies,NVQ progression,NSTB/NVQS,NSTB assessment or RPL,"Basic education + occupational skill; or 5 yrs experience; or RPL",National Diploma; Grade 12 (SLCP),National Technician Certificate,NTC,,confirmed,CTEVT/NSTB NQF Short Explanation Sept 2019 s.F1,Tier1-framework,2026-08-21,Multiple entry routes including RPL.
Nepal,National,Vocational diploma,National Diploma (ND),vocational diploma,,,3 years,NVQ 5 area,Polytechnic institute,CTEVT/NSTB,Entered after NTC,Technical Bachelor's; general Bachelor's,National Diploma,ND,,confirmed,CTEVT/NSTB NQF Short Explanation Sept 2019 s.F2,Tier1-framework,2026-08-21,"Framework states ND holders eligible for Bachelor's Degree Programme."
Nepal,National,Undergraduate,Bachelor's degree,degree,,17+,3 or 4 years,"NQF: Bachelor (framework says 'at least 4 years')",University or affiliated college,University exams; often entrance exam,NEB Grade 12 or equivalent,Master's degree,Bachelor,"Bachelor level",,warn,CTEVT/NSTB NQF Short Explanation Sept 2019 s.G3,Tier1-framework,2026-08-21,"CRITICAL: 3-year AND 4-year degrees both exist on real transcripts. Read the transcript."
Nepal,National,Postgraduate,Master's degree,degree,,,2 years,NQF: Masters,University or affiliated college,University exams/thesis,Bachelor's degree,MPhil or PhD,Masters,"Master level",,confirmed,CTEVT/NSTB NQF Short Explanation Sept 2019 s.F4/G4,Tier1-framework,2026-08-21,
Nepal,National,Pre-doctoral,MPhil,degree,,,1.5-2 years,,University,Coursework + dissertation,Master's degree,PhD,MPhil,MPhil,,warn,,unverified,2026-08-21,Offered by some universities (e.g. KU; TU).
Nepal,National,Doctoral,PhD,degree,,,3 years minimum,NQF: PhD,University,Thesis + defence,Master's or MPhil,,PhD,Doctorate,,confirmed,CTEVT/NSTB NQF Short Explanation Sept 2019 s.F5/G5,Tier1-framework,2026-08-21,
India,National,Foundational,None,none,Pre-school + Grades 1-2,3-8,5 years,NEP 2020 Foundational Stage,Anganwadi; school,none,none,Preparatory Stage,Foundational Stage,"Anganwadi; pre-school; nursery; LKG; UKG",,warn,NEP 2020 (via secondary sources),Tier1-policy-unverified,2026-08-21,"NEP 2020 brings 3 years of pre-school into the school structure."
India,National,Preparatory,None,none,Grades 3-5,8-11,3 years,NCrF Level 1 at Grade 5,School,school-based,Grade 2 completion,Middle Stage,Preparatory Stage,"primary (legacy)",,confirmed,NCrF Report s.3.2.6,Tier1-framework,2026-08-21,No certificate issued.
India,National,Middle,None,none,Grades 6-8,11-14,3 years,NCrF Level 2 at Grade 8,School,school-based,Grade 5 completion,Secondary Stage,Middle Stage,"upper primary; middle school",,confirmed,NCrF Report s.3.2.6,Tier1-framework,2026-08-21,No certificate issued.
India,"National + ~30 state boards",Secondary,Class 10 board certificate,school certificate,Grades 9-10,14-16,2 years,NCrF Level 3,School,"AISSE (CBSE); ICSE (CISCE); SSC/SSLC/High School/Madhyamik (state boards)",Grade 8 completion,Classes 11-12 or polytechnic/ITI,Secondary Stage (lower half),"Class 10; 10th; matriculation; matric; SSC; SSLC; High School; Madhyamik",,confirmed,NCrF Report s.3.2.6,Tier1-framework,2026-08-21,"NOT a university-entry qualification. Board determines grading scale."
India,"National + ~30 state boards",Upper secondary,Class 12 board certificate,school-leaving certificate,Grades 11-12,16-18,2 years,NCrF Level 4,"School; junior college; PU college",AISSCE (CBSE); ISC (CISCE); HSC/Intermediate/II PUC (state boards); NIOS,Class 10 completion,Bachelor's degree,Secondary Stage (upper half),"Class 12; 12th; +2; 10+2; senior secondary; higher secondary; HSC; Intermediate; II PUC",,confirmed,NCrF Report s.3.2.6,Tier1-framework,2026-08-21,"India's university-entrance qualification. Streams: Science (PCM/PCB/PCMB); Commerce; Humanities; Vocational."
India,National,Post-secondary technical,Polytechnic Diploma in Engineering,vocational diploma,,post-Class-10,3 years,,Polytechnic (state technical board),State technical board exams,Class 10,B.E./B.Tech. via lateral entry,Diploma in Engineering,"polytechnic diploma",,warn,AICTE/state boards (via secondary sources),Tier1-body-unverified,2026-08-21,Taken INSTEAD OF Classes 11-12. Lateral entry to B.Tech. year 2 is long-established practice.
India,National,Higher ed short-cycle,Undergraduate Certificate,exit award,,,1 year + 4-credit exit module,NHEQF 4.5,University or autonomous college,Institutional,Class 12,Undergraduate Diploma; Bachelor's,Undergraduate Certificate,"UG Certificate; NEP exit award",40 credits (+4 exit = 44),confirmed,UGC NHEQF Tables 1 & 11,Tier1-framework,2026-08-21,A genuine NEP multiple-exit qualification. NOT a bachelor's degree.
India,National,Higher ed short-cycle,Undergraduate Diploma,exit award,,,2 years + 4-credit exit module,NHEQF 5,University or autonomous college,Institutional,Class 12,Bachelor's degree,Undergraduate Diploma,"UG Diploma; NEP exit award",80 credits (+4 exit = 84),confirmed,UGC NHEQF Tables 1 & 11,Tier1-framework,2026-08-21,Genuine NEP multiple-exit qualification.
India,National,Undergraduate,Bachelor's degree (3-year),degree,,,3 years / 6 semesters,NHEQF 5.5,University or affiliated/autonomous college,University exams,Class 12; often CUET/JEE/NEET,2-year Master's degree,Bachelor's Degree,"B.A.; B.Sc.; B.Com.; BBA; B.Voc.",120 credits,confirmed,UGC NHEQF Tables 2 & 11,Tier1-framework,2026-08-21,"Highest-impact fact: 3-year and 4-year bachelor's degrees are BOTH currently awarded."
India,National,Undergraduate honours,Bachelor's degree (Honours / Honours with Research),degree,,,4 years / 8 semesters,NHEQF 6,University or affiliated/autonomous college,University exams,Class 12,1-year Master's degree,Bachelor's Degree (Honours/Honours with Research),"FYUP; 4-year UG; (Hons)",160 credits,confirmed,UGC NHEQF Tables 2 & 11,Tier1-framework,2026-08-21,"NOT the same as a pre-NEP 3-year B.A. (Hons). Ask the duration."
India,National,Undergraduate professional,B.E. / B.Tech.,degree,,,4 years / 8 semesters,NHEQF 6,University or affiliated/autonomous college,University exams,Class 12 (PCM) + JEE,M.E./M.Tech. (2 years),Bachelor of Engineering/Technology,"B.E.; B.Tech.",160 credits,confirmed,UGC NHEQF Tables 1 & 11,Tier1-framework,2026-08-21,
India,National,Undergraduate professional,B.Arch.,degree,,,5 years / 10 semesters,NHEQF 6 area,University/college,University exams,Class 12 + entrance,M.Arch. (2 years),Bachelor of Architecture,B.Arch.,,confirmed,UGC NHEQF Table 1,Tier1-framework,2026-08-21,
India,National,Undergraduate professional,B.Pharm.,degree,,,4 years / 8 semesters,NHEQF 6 area,University/college,University exams,Class 12,,Bachelor of Pharmacy,B.Pharm.,,confirmed,UGC NHEQF Table 1,Tier1-framework,2026-08-21,
India,National,Integrated,Integrated Bachelor's-Master's,degree,,,5 years / 10 semesters,,University/college,University exams,Class 12 (Grade 12 of school education),PhD,Integrated Bachelor's - Master's degree programmes,"5-year integrated",,confirmed,UGC NHEQF Table 1,Tier1-framework,2026-08-21,
India,National,Integrated teacher ed,4-year dual-major ITEP (B.A. B.Ed. etc.),degree,,,4 years / 8 semesters,NHEQF 6,University/college,University exams,Class 12,M.Ed. (2 years),Integrated Teacher Education Programme,"ITEP; B.A. B.Ed.; B.Sc. B.Ed.; B.Com. B.Ed.",160 credits,confirmed,UGC NHEQF Tables 1 & 11,Tier1-framework,2026-08-21,
India,National,Graduate diploma,Post-Graduate Diploma,exit award,,,1 year / 2 semesters,NHEQF 6,University or autonomous college,Institutional,Exit after year 1 of a 2-year master's,Master's degree,Post-Graduate Diploma,"PGD; PGDM (standalone institutes)",40 credits,confirmed,UGC NHEQF Tables 1 & 11,Tier1-framework,2026-08-21,"PGDM from a standalone AICTE-approved institute is a DIPLOMA, not a degree."
India,National,Postgraduate,Master's degree (after 3-year bachelor's),degree,,,2 years / 4 semesters,NHEQF 6.5,University or affiliated/autonomous college,University exams,3-year bachelor's degree,PhD,Master's degree,"M.A.; M.Sc.; M.Com.; MBA; M.Voc.",80 credits,confirmed,UGC NHEQF Tables 2 & 11,Tier1-framework,2026-08-21,
India,National,Postgraduate,Master's degree (after 4-year Honours),degree,,,1 year / 2 semesters,NHEQF 6.5-7,University or affiliated/autonomous college,University exams,4-year Bachelor's (Honours/Honours with Research),PhD,Master's degree,"1-year master's",40 credits,confirmed,UGC NHEQF Tables 2 & 11,Tier1-framework,2026-08-21,"Distinctive NEP provision: 4-year Honours gives access to a 1-year master's."
India,National,Postgraduate professional,M.E. / M.Tech.,degree,,,2 years / 4 semesters,NHEQF 7,University/college,University exams,B.E./B.Tech.; often GATE,PhD,Master of Engineering/Technology,"M.E.; M.Tech.",80 credits,confirmed,UGC NHEQF Table 11,Tier1-framework,2026-08-21,
India,National,Doctoral,Ph.D.,degree,,,varies,NHEQF 8,University,Thesis + published work,Master's degree; often UGC NET,,Doctoral degree,"PhD; doctorate","Credits for coursework plus a thesis and published work",confirmed,UGC NHEQF Tables 2 & 11,Tier1-framework,2026-08-21,
India,National,Vocational degree,B.Voc.,degree,,,3 years / 6 semesters,NHEQF 5.5,University/college,University exams,Class 12,M.Voc.,Bachelor of Vocation,B.Voc.,120 credits,confirmed,UGC NHEQF Tables 1 & 11,Tier1-framework,2026-08-21,
Bangladesh,National,Pre-primary,None,none,,~5,1 year,,School,none,none,Grade 1,Pre-primary education,"pre-primary; KG; nursery",,confirmed,"AACRAO/secondary; NCTB",Tier3,2026-08-21,NCTB provides curriculum and free textbooks from pre-primary.
Bangladesh,National,Primary,Primary completion (PEC/PSC),school certificate,Grades 1-5 (Class I-V),~6-10,5 years,,School,PEC/PSC examination (status uncertain),age ~6,Grades 6-8,Primary education,"Class I-V; primary",,warn,MoPME,Tier1-body-unverified,2026-08-21,PEC/PSC examination status uncertain - suspended/discontinued in some years.
Bangladesh,National,Junior secondary,JSC / JDC (discontinued),school certificate,Grades 6-8 (Class VI-VIII),~11-13,3 years,,School; madrasah,JSC (general) / JDC (madrasah),Primary completion,Grades 9-10,Junior secondary,"JSC; JDC; Class VIII",,warn,"BNQF (references 'JSC pass, Class VIII pass')",Tier1-framework,2026-08-21,"JSC/JDC discontinued. BNQF still recognises 'Class VIII pass' as a TVET entry level."
Bangladesh,National,Secondary,SSC,school certificate,Grades 9-10 (Class IX-X),~14-15,2 years,BNQF Level 3,School,SSC (9 general regional boards),Junior secondary completion,Grades 11-12 or BTEB diploma,Secondary School Certificate,"SSC; Class 10",,confirmed,BNQF (Ministry of Education Sept 2021),Tier1-framework,2026-08-21,"NOT a university-entry qualification. NOT the same as India's state-board SSC."
Bangladesh,National,Secondary (madrasah),Dakhil,school certificate,Grades 9-10,~14-15,2 years,BNQF Level 3,Aliya madrasah,Dakhil examination (BMEB),Junior secondary completion,Alim,Dakhil,Dakhil,,confirmed,"BNQF; BMEB",Tier1-framework,2026-08-21,SSC-equivalent since 1985.
Bangladesh,National,Secondary (vocational),SSC (Vocational) + NSC 3,dual certificate,Grades 9-10,~14-15,2 years,BNQF Level 3,BTEB-affiliated institution,BTEB examination,Junior secondary completion,HSC (Voc)/(BMT),SSC (Voc),"SSC Vocational",,confirmed,BNQF,Tier1-framework,2026-08-21,"DUAL certificate: a Secondary School Certificate AND an NSC 3."
Bangladesh,National,Higher secondary,HSC,school-leaving certificate,Grades 11-12 (Class XI-XII),~16-17,2 years,BNQF Level 5,"College; school and college",HSC (9 general regional boards),SSC or equivalent,Bachelor's degree,Higher Secondary Certificate,"HSC; Class 12; higher secondary",,confirmed,BNQF (Ministry of Education Sept 2021),Tier1-framework,2026-08-21,"Bangladesh's university-entrance qualification. NOT the same as India's state-board HSC."
Bangladesh,National,Higher secondary (madrasah),Alim,school-leaving certificate,Grades 11-12,~16-17,2 years,BNQF Level 5,Aliya madrasah,Alim examination (BMEB),Dakhil,Bachelor's degree; Fazil,Alim,Alim,,confirmed,"BNQF; BMEB",Tier1-framework,2026-08-21,HSC-equivalent since 1987.
Bangladesh,National,Higher secondary (vocational),HSC (Voc) / HSC (BMT) + NSC 5,dual certificate,Grades 11-12,~16-17,2 years,BNQF Level 5,BTEB-affiliated institution,BTEB examination,SSC or equivalent,Bachelor's degree; Diploma,HSC (Voc); HSC (BMT),"HSC Vocational; HSC Business Management and Technology",,confirmed,BNQF,Tier1-framework,2026-08-21,"DUAL certificate: HSC AND NSC 5."
Bangladesh,National,Madrasah higher,Fazil,madrasah qualification,,,unknown,BNQF level not established,Madrasah; Islamic Arabic University,,Alim,Kamil,Fazil,Fazil,,unresolved,BNQF (names it but does not level it),Tier1-framework-gap,2026-08-21,PRIORITY GAP: BNQF level placement not established.
Bangladesh,National,Madrasah highest,Kamil,madrasah qualification,,,unknown,BNQF level not established,Madrasah; Islamic Arabic University,,Fazil,,Kamil,Kamil,,unresolved,BNQF (names it but does not level it),Tier1-framework-gap,2026-08-21,PRIORITY GAP: BNQF level placement not established.
Bangladesh,National,Vocational competency,NSC 1,competency certificate,,any age,varies,BNQF Level 1,BTEB/NSDA,Competency assessment,"JSC pass; Class VIII pass; challenge test in language/literacy/numeracy; or a relevant prevocational programme",NSC 2,National Skill Certificate 1,NSC 1,,confirmed,BNQF,Tier1-framework,2026-08-21,"Prepares 'basic skilled workers'. Four alternative entry routes."
Bangladesh,National,Vocational competency,NSC 3,competency certificate,,,varies,BNQF Level 3,BTEB/NSDA,Competency assessment,NSC 2,NSC 4,National Skill Certificate 3,NSC 3,,confirmed,BNQF,Tier1-framework,2026-08-21,'Skilled workers'. Same level as SSC.
Bangladesh,National,Vocational competency,NSC 5,competency certificate,,,varies,BNQF Level 5,BTEB/NSDA,Competency assessment,NSC 4,NSC 6; Diploma,National Skill Certificate 5,NSC 5,,confirmed,BNQF,Tier1-framework,2026-08-21,'Supervisors'. Same level as HSC and Alim.
Bangladesh,National,TVET diploma,Diploma in Engineering,vocational diploma,,post-SSC,4 years,BNQF Level 6,Polytechnic (BTEB),BTEB examinations,SSC,Bachelor's degree,Diploma,"Diploma in Engineering; polytechnic diploma",,confirmed,"BNQF; BTEB scope",Tier1-framework,2026-08-21,"4 years - LONGER than India's or Nepal's 3-year diplomas, and at a level ABOVE the HSC."
Bangladesh,National,TVET diploma,Diploma in Agriculture,vocational diploma,,post-SSC,4 years,BNQF Level 6,BTEB-affiliated institution,BTEB examinations,SSC,Bachelor's degree,Diploma,,,confirmed,BTEB scope,Tier1-body,2026-08-21,
Bangladesh,National,TVET diploma,Diploma in Medical Technology,vocational diploma,,post-SSC,4 years,BNQF Level 6,BTEB-affiliated institution,BTEB examinations,SSC,Bachelor's degree,Diploma,,,confirmed,BTEB scope,Tier1-body,2026-08-21,
Bangladesh,National,Undergraduate,Bachelor's degree (3-year),degree,,,3 years,BNQF Level 7,University; NU-affiliated college,University exams,HSC or equivalent,Master's degree,Bachelor's,"Pass degree; Degree Pass Course",120 credits minimum,confirmed,BNQF Table 1,Tier1-framework,2026-08-21,
Bangladesh,National,Undergraduate,Bachelor's degree (4-year; with or without Honours),degree,,,4 years,BNQF Level 7,University; NU-affiliated college,University exams,HSC or equivalent; GST or institution test,Master's degree,Bachelor with Honours / Bachelor's (4 years),Honours,140 credits minimum,confirmed,BNQF Table 1,Tier1-framework,2026-08-21,"NOTE: a 4-year degree may be 'with or without honours' - duration and credits are more reliable than the label."
Bangladesh,National,Undergraduate,Bachelor's degree (5-year),degree,,,5 years,BNQF Level 7,University,University exams,HSC or equivalent,Master's degree,Bachelor's (5 years),,160 credits minimum,confirmed,BNQF Table 1,Tier1-framework,2026-08-21,
Bangladesh,National,Graduate certificate,Postgraduate Certificate,certificate,,,unknown,BNQF Level 8,University,Institutional,Bachelor's degree,Master's degree,Postgraduate Certificate,PG Certificate,30 credits minimum,confirmed,BNQF Table 1,Tier1-framework,2026-08-21,"Positioned 'above that of a Bachelor's but below that of a Master's'."
Bangladesh,National,Graduate diploma,Postgraduate Diploma,diploma,,,unknown,BNQF Level 8,University,Institutional,Bachelor's degree,Master's degree,Postgraduate Diploma,PG Diploma,40 credits minimum,confirmed,BNQF Table 1,Tier1-framework,2026-08-21,
Bangladesh,National,Postgraduate,Master's by Coursework,degree,,,1-2 years,BNQF Level 9,University; NU-affiliated college,Coursework,Bachelor's degree,Doctoral degree,Master's by Coursework,Masters,40 credits minimum,confirmed,BNQF Table 1,Tier1-framework,2026-08-21,"A 1-year master's is normal in Bangladesh, commonly after a 4-year Honours degree."
Bangladesh,National,Postgraduate,Master's Mixed Mode,degree,,,1-2 years,BNQF Level 9,University,Coursework + dissertation,Bachelor's degree,Doctoral degree,Master's Mixed Mode,Masters,20 credits + dissertation,confirmed,BNQF Table 1,Tier1-framework,2026-08-21,Assessment based on both components.
Bangladesh,National,Postgraduate,Master's by Research,degree,,,1-2 years,BNQF Level 9,University,Thesis/dissertation only,Bachelor's degree,Doctoral degree,Master's by Research,Masters,"No credit minimum; taught component (if any) is not credit-bearing",confirmed,BNQF Table 1,Tier1-framework,2026-08-21,Students assessed solely on the thesis/dissertation.
Bangladesh,National,Doctoral,Doctoral by Research,degree,,,~3 years minimum,BNQF Level 10,University,Thesis,Master's degree,,Doctoral,"PhD",No credit minimum,confirmed,BNQF Table 1,Tier1-framework,2026-08-21,"All doctoral qualifications require a thesis. Titled PhD for research doctorates."
Bangladesh,National,Doctoral,Doctoral by Mixed Mode,degree,,,~3 years minimum,BNQF Level 10,University,Taught course + thesis,Master's degree,,Doctoral,"PhD; EdD; DEng",30 credits + thesis,confirmed,BNQF Table 1,Tier1-framework,2026-08-21,"Applied/professional doctorates may use EdD, DEng or other field descriptors."
China (mainland),National,Pre-school,None,none,,~3-6,up to 3 years,,Kindergarten,none,none,Primary school,幼儿园 (kindergarten),"kindergarten; pre-school",,warn,,unverified,2026-08-21,No certificate.
China (mainland),National,Primary,Primary graduation certificate,school certificate,Grades 1-6,~6-12,6 years,,小学 (primary school),none national,age 6 (7 in some areas),Junior secondary,小学 (Primary school),"primary school",,confirmed,MOE-derived sources,Tier2,2026-08-21,Part of nine-year compulsory free education.
China (mainland),National,Junior secondary,Junior secondary graduation certificate,school certificate,Grades 7-9,~12-15,3 years,,初中 (junior secondary),Zhongkao 中考,Primary completion,General senior high or vocational senior secondary,初中 (Junior secondary),"junior high; chuzhong",,confirmed,MOE-derived sources,Tier2,2026-08-21,"Zhongkao serves BOTH junior-high graduation AND senior-high admission. Locally administered."
China (mainland),National,Upper secondary,Senior High School Graduation Diploma,school-leaving certificate,Grades 10-12,~15-18,3 years,ISCED 3; no Chinese framework level,普通高中 (general senior high school),"Huikao 会考 OR Academic Proficiency Test 学业水平测试 (graduation); Gaokao 高考 (admission)",Zhongkao,Zhuanke or Benke,普通高中毕业证书,"senior high school diploma; senior middle school graduation certificate",,confirmed,"CHSI/CSSD verification services; WENR",Tier1-verification,2026-08-21,"NOT the university-entrance mechanism - the gaokao is. CHSI-verifiable."
China (mainland),National,Upper secondary (vocational),Secondary vocational graduation certificate,vocational certificate,Grades 10-12,~15-18,3 years,,中职 (中专/技校/职业高中),Vocational assessments,Zhongkao,Higher vocational (zhuanke); vocational undergraduate,中职,"zhongzhi; secondary vocational school",,warn,MOE-derived sources,Tier2,2026-08-21,"2022 Vocational Education Law: equal status with general education, 'from level to type'."
China (mainland),National,Higher ed short-cycle,Zhuanke graduation certificate,graduation certificate (no degree),,~18+,2-3 years,No Chinese framework level,高职 (higher vocational college); some universities,Institutional,Gaokao (lower band) or vocational entry,"Benke via zhuanshengben 专升本",专科 (Zhuanke),"junior college; short-cycle; associate (inexact)",,confirmed,"Nuffic; CHSI",Tier2,2026-08-21,"CRITICAL: yields a GRADUATION CERTIFICATE ONLY - no bachelor's degree certificate. 'More practically-oriented than bachelor's programmes.'"
China (mainland),National,Undergraduate,Benke graduation certificate + Bachelor's degree certificate,graduation certificate + degree,,~18+,4-5 years,No Chinese framework level,大学 (university); 学院 (college),Institutional,Gaokao,Master's degree,本科 (Benke) + 学士 (Bachelor),"undergraduate; bachelor's",,confirmed,"CHSI; Nuffic",Tier1-verification,2026-08-21,"TWO documents: 毕业证书 (graduation) AND 学位证书 (degree). Either can be missing. A 'Benke Certificate of Graduation' is often TRANSLATED as 'Diploma'."
China (mainland),National,Undergraduate (vocational),Vocational undergraduate (职业本科),degree,,,4 years,Benke level,Higher vocational institution (State Council-approved),Institutional,Zhongkao/gaokao route,Master's degree,职业本科,"vocational undergraduate; zhiye benke",,confirmed,Vocational Education Law 2022,Tier1-law,2026-08-21,"Created by the 2022 Law: qualifying higher vocational programmes 'may be extended to undergraduate vocational education'."
China (mainland),National,Postgraduate,Master's degree,degree,,,2-3 years,No Chinese framework level,University,Kaoyan 考研 + institutional,Benke degree,Doctoral degree,硕士 (Master),"master's",,warn,Degrees Law 2024,Tier1-law,2026-08-21,"Degrees Law distinguishes ACADEMIC degrees (学术学位) from PROFESSIONAL degrees (专业学位). Duration unverified."
China (mainland),National,Doctoral,Doctoral degree,degree,,,3-4 years,No Chinese framework level,University,Dissertation,Master's degree,,博士 (Doctor),"doctorate; PhD",,warn,Degrees Law 2024,Tier1-law,2026-08-21,"Academic or professional. Duration unverified."
Australia,"National (AQF); 8 jurisdictions issue the certificate",Upper secondary,Senior Secondary Certificate of Education,school-leaving certificate,Years 11-12,~16-18,2 years,AQF: Senior Secondary Certificate of Education,Senior secondary school; senior college,"Jurisdiction-specific external exams + school-based assessment",Year 10 completion,"AQF 5-7 (Diploma; Associate Degree; Bachelor)",Senior Secondary Certificate of Education,"HSC (NSW); VCE (Vic); QCE (Qld); SACE (SA); WACE (WA); TCE (Tas); NTCET (NT); ACT Senior Secondary Certificate",,confirmed,"AQF (via University of Wollongong); ACACA",Tier1-framework,2026-08-21,"All eight are nationally recognised and used to generate an ATAR. One AQF position, eight certificates."
Australia,National,VET,Certificate I,VET certificate,,post-Year-10,0.5-1 year,AQF 1,RTO (incl. TAFE),Competency assessment,varies,Certificate II,Certificate I,Cert I,,confirmed,AQF,Tier1-framework,2026-08-21,"Competency-based, not graded. Listed on training.gov.au."
Australia,National,VET,Certificate II,VET certificate,,,0.5-1 year,AQF 2,RTO (incl. TAFE),Competency assessment,varies,Certificate III,Certificate II,Cert II,,confirmed,AQF,Tier1-framework,2026-08-21,
Australia,National,VET,Certificate III,VET certificate,,,1-2 years,AQF 3,RTO (incl. TAFE),Competency assessment,varies,Certificate IV,Certificate III,Cert III,,confirmed,AQF,Tier1-framework,2026-08-21,"Common apprenticeship/trade level. BELOW the Senior Secondary Certificate in AQF complexity terms."
Australia,National,VET,Certificate IV,VET certificate,,,0.5-2 years,AQF 4,RTO (incl. TAFE),Competency assessment,varies,Diploma,Certificate IV,Cert IV,,confirmed,AQF,Tier1-framework,2026-08-21,
Australia,National,Diploma,Diploma,diploma,,,1-2 years,AQF 5,RTO/TAFE OR higher education provider,Varies by sector,Senior Secondary Certificate or Cert IV,Advanced Diploma; Bachelor Degree (with credit),Diploma,Diploma,,confirmed,AQF,Tier1-framework,2026-08-21,"Can be awarded in BOTH the VET and higher-education sectors - ask which."
Australia,National,Advanced Diploma,Advanced Diploma,diploma,,,1.5-2 years,AQF 6,RTO/TAFE OR higher education provider,Varies by sector,Diploma,"Bachelor Degree (may enter year 2 or 3)",Advanced Diploma,Adv Dip,,confirmed,AQF,Tier1-framework,2026-08-21,"'May provide entry into the second or third year of a related degree.'"
Australia,National,Associate Degree,Associate Degree,degree,,,2 years,AQF 6,Higher education provider,Institutional,Senior Secondary Certificate,Bachelor Degree,Associate Degree,Assoc Deg,~128 credit points / 2.0 EFTSL (institution example),confirmed,AQF,Tier1-framework,2026-08-21,Same AQF level as an Advanced Diploma.
Australia,National,Undergraduate,Bachelor Degree,degree,,,3-4 years,AQF 7,University or non-university HE provider (TEQSA-registered),Institutional,Senior Secondary Certificate + ATAR/selection rank,"Bachelor Honours; Graduate Certificate/Diploma; Masters",Bachelor Degree,"bachelor's; undergraduate degree",~192 credit points / 3.0 EFTSL for a 3-year degree (institution example),confirmed,AQF,Tier1-framework,2026-08-21,"AQF descriptor: 'broad and coherent knowledge and skills for professional work and/or further learning'."
Australia,National,Undergraduate honours,Bachelor Honours Degree,degree,,,"4 years, or +1 year after a bachelor's",AQF 8,University,Institutional; research component,Bachelor Degree or direct entry,Masters; Doctoral,Bachelor Honours Degree,"Honours; Hons",,confirmed,AQF,Tier1-framework,2026-08-21,"A LEVEL ABOVE Bachelor Degree. Same AQF level as Graduate Certificate and Graduate Diploma. NOT equivalent to a South Asian 'Honours' bachelor's."
Australia,National,Graduate,Graduate Certificate,certificate,,,0.5-1 year,AQF 8,University,Institutional,Bachelor Degree,Graduate Diploma; Masters,Graduate Certificate,Grad Cert,,confirmed,AQF,Tier1-framework,2026-08-21,
Australia,National,Graduate,Graduate Diploma,diploma,,,1-2 years,AQF 8,University,Institutional,Bachelor Degree,Masters,Graduate Diploma,Grad Dip,,confirmed,AQF,Tier1-framework,2026-08-21,
Australia,National,Postgraduate,Masters Degree (Research),degree,,,1-2 years,AQF 9,University,Thesis,Bachelor Honours or equivalent,Doctoral Degree,Masters Degree (Research),Masters,,confirmed,AQF,Tier1-framework,2026-08-21,
Australia,National,Postgraduate,Masters Degree (Coursework),degree,,,1-2 years,AQF 9,University,Coursework,Bachelor Degree,Doctoral Degree,Masters Degree (Coursework),Masters,,confirmed,AQF,Tier1-framework,2026-08-21,
Australia,National,Postgraduate,Masters Degree (Extended),degree,,,3-4 years,AQF 9,University,Coursework + professional placement,Bachelor Degree,Doctoral Degree,Masters Degree (Extended),"reportedly includes Juris Doctor and Doctor of Medicine",,confirmed,AQF,Tier1-framework,2026-08-21,"Australian JD and MD are reportedly AQF 9 Masters (Extended), NOT doctorates - verify which qualifications."
Australia,National,Doctoral,Doctoral Degree,degree,,,3-4 years,AQF 10,University,Thesis,Masters or Bachelor Honours,,Doctoral Degree,"PhD; doctorate",,confirmed,AQF,Tier1-framework,2026-08-21,
Canada,Québec,Secondary,DES (Diplôme d'études secondaires),school certificate,Secondary I-V,~12-17,5 years,CDQF does not cover,Secondary school,Ministry examinations in some subjects,Elementary completion,CEGEP,Diplôme d'études secondaires,"DES; Diploma of Secondary Studies",,confirmed,Gouvernement du Québec; EMSB,Tier1-government,2026-08-21,"'Corresponds to grade 11 in other jurisdictions' - 11 years of schooling, not 12."
Canada,Québec,Post-secondary (pre-university),DEC / DCS (pre-university),college diploma,,,2 years,CDQF does not cover,CEGEP,CEGEP assessment,DES,Bachelor's degree (typically 3 years),Diplôme d'études collégiales,"DEC; DCS; Diploma of College Studies",,confirmed,Gouvernement du Québec,Tier1-government,2026-08-21,"CEGEP 'encompasses grade 12 from high school and the first year of university'. Named in the CDQF as a bachelor's-entry qualification."
Canada,Québec,Post-secondary (technical),DEC / DCS (technical),college diploma,,,generally 3 years,CDQF does not cover,CEGEP,CEGEP assessment,DES,"job market OR university (if prerequisites met)",Diplôme d'études collégiales,"DEC; DCS; technical DEC",,confirmed,Gouvernement du Québec,Tier1-government,2026-08-21,"Dual character: terminal vocational credential AND university pathway."
Canada,Ontario,Secondary,OSSD (Ontario Secondary School Diploma),school-leaving certificate,to Grade 12,~14-18,4 years,CDQF does not cover,Secondary school,"OSSLT (or OLC4O course)",Grade 8 completion,University or college,Ontario Secondary School Diploma,OSSD,"30 credits: 18 compulsory + 12 optional (Grade 9 entry 1999-2000+); 17 compulsory + 13 optional (Grade 9 entry 2024-25+)",confirmed,Government of Ontario,Tier1-government,2026-08-21,"Also requires 40 hours of community involvement (not paid work, not credit-bearing)."
Canada,British Columbia,Secondary,B.C. Certificate of Graduation (Dogwood Diploma),school-leaving certificate,to Grade 12,~14-18,4 years,CDQF does not cover,Secondary school,Provincial numeracy and literacy assessments,Grade 8 completion,University or college,B.C. Certificate of Graduation,"Dogwood Diploma","80 credits: 52 required (incl. 8 Career Education) + minimum 28 elective",confirmed,Province of British Columbia,Tier1-government,2026-08-21,
Canada,Alberta,Secondary,Alberta High School Diploma,school-leaving certificate,to Grade 12,~14-18,4 years,CDQF does not cover,Secondary school,Diploma examinations (30-level),Grade 9 completion,University or college,Alberta High School Diploma,"Alberta diploma","Minimum 100 credits, mainly at the '30' level",warn,Alberta Education (via secondary sources),Tier1-body-unverified,2026-08-21,"Subject-requirement figures from the source are internally inconsistent - VERIFY. 30-1 vs 30-2 course level matters for admission."
Canada,"Other 9 jurisdictions",Secondary,Provincial/territorial secondary school diploma,school-leaving certificate,to Grade 12,~14-18,4 years,CDQF does not cover,Secondary school,Varies,Varies,University or college,Varies by jurisdiction,Varies,Varies,unresolved,Each provincial/territorial ministry,gap,2026-08-21,"PRIORITY GAP: SK, MB, NB, NS, PE, NL, YT, NT, NU secondary diplomas not researched."
Canada,National (CDQF),Undergraduate,Bachelor's degree,degree,,,"typically 6-8 semesters or more",CDQF: Bachelor's,University; degree-granting college,Institutional,"A secondary school or CEGEP diploma and/or university preparatory courses, a minimum GPA","Master's degree; second-entry professional programs",Bachelor's degree,"bachelor's; undergraduate degree","Normally 90-120 credits, or the equivalent",confirmed,CMEC Ministerial Statement 2007 (CDQF),Tier1-framework,2026-08-21,"Range attributed by the CDQF itself to 'variations in pre-university studies among the provinces/territories'. Four program types: broad education; in-depth disciplinary; applied; professional."
Canada,National (CDQF),Undergraduate professional (second-entry),"MD / DDS / LLB / JD",degree (bachelor's-level in academic standing),,,varies,CDQF: Bachelor's,University,Institutional + admission tests to the profession,"At least two or three years of completed degree-level studies, or a prior/concurrent undergraduate degree",Residency/practice; graduate study,"Professional-focus bachelor's programs","MD; DDS; LLB; JD",,confirmed,CMEC Ministerial Statement 2007 (CDQF),Tier1-framework,2026-08-21,"CRITICAL: 'Though considered to be bachelor's programs in academic standing, some professional programs yield degrees with other nomenclature.' Contrast the UK, where these are FHEQ 7."
Canada,National (CDQF),Postgraduate,Master's degree,degree,,,"typically two to six semesters",CDQF: Master's,University,Institutional,"An undergraduate degree with an appropriate specialization, or an undergraduate degree with relevant bridging studies",Doctoral degree,Master's degree,"master's",,confirmed,CMEC Ministerial Statement 2007 (CDQF),Tier1-framework,2026-08-21,"Research-oriented or profession-oriented (e.g. MSW). 2-6 semesters is roughly 1-3 years."
Canada,National (CDQF),Doctoral,Doctoral degree (research),degree,,,"typically three to six years",CDQF: Doctoral,University,Dissertation,"A master's degree with an appropriate specialization, or with appropriate bridging studies",,Doctoral degree,"PhD",,confirmed,CMEC Ministerial Statement 2007 (CDQF),Tier1-framework,2026-08-21,"Research-oriented doctoral programs lead to the PhD."
Canada,National (CDQF),Doctoral,Doctoral degree (practice-oriented),degree,,,"typically three to six years",CDQF: Doctoral,University,"Internship/exhibition; may also require a dissertation",A master's degree,,Doctoral degree,"EdD; MusDoc; PsyD",,confirmed,CMEC Ministerial Statement 2007 (CDQF),Tier1-framework,2026-08-21,"'Typically involve more course work than doctoral programs with a more theoretical or disciplinary focus.'"
Canada,"Provincial (not in CDQF)",College,"Certificate / Diploma / Advanced Diploma",college credential,,,1-3 years,Not covered by any pan-Canadian framework,Community college; polytechnic; institute,Institutional,Secondary school diploma,"Employment; university with transfer credit",Varies by province,"college diploma",Varies,unresolved,Provincial ministries; colleges,gap,2026-08-21,"PRIORITY GAP: Canadian college credential taxonomy and durations not researched."
United Kingdom,"England",Secondary,GCSE,school certificate,end of Year 11,~15-16,2 years (KS4),"RQF 2 (grades 9-4); RQF 1 (grades 3-1)","School; FE college","GCSE examinations (AQA, Pearson Edexcel, OCR, Eduqas)",Key Stage 3 completion,A level; T Level; BTEC; further education,General Certificate of Secondary Education,GCSE,,confirmed,UK ENIC Guide to the Education Systems of the UK (2023),Tier1-recognition-body,2026-08-21,"Graded 9 (highest) to 1 (lowest). Grade determines RQF level. C or 4 is 'a good pass'. Linear assessment."
United Kingdom,"Wales",Secondary,GCSE,school certificate,end of Year 11,~15-16,,"RQF 2 (A*-C); RQF 1 (D-G)","School; FE college",GCSE examinations (WJEC; designated GCSEs from other boards),,A level; further education,General Certificate of Secondary Education,GCSE,,confirmed,UK ENIC Guide (2023),Tier1-recognition-body,2026-08-21,"Graded A* to G. Welsh is compulsory. Single-board (WJEC) model. Some GCSEs allow staged assessment. New suite: first teaching 2025, first certification 2027."
United Kingdom,"Northern Ireland",Secondary,GCSE,school certificate,end of Year 12 (NI),~15-16,,"RQF 2 (A*-C); RQF 1 (D-G)","School; FE college",GCSE examinations (CCEA and approved boards),,A level; further education,General Certificate of Secondary Education,GCSE,,confirmed,UK ENIC Guide (2023),Tier1-recognition-body,2026-08-21,"Graded A* to G, with a C* grade introduced in 2019 sitting BETWEEN C and B. NI Year 12 = England Year 11."
United Kingdom,"England, Wales, NI",Upper secondary,GCE A level,school-leaving qualification,Years 12-13 (NI 13-14),~16-18,2 years,RQF 3,"School sixth form; sixth-form college; FE college",A level examinations,GCSEs (typically grade 4/C+),Higher education,General Certificate of Education Advanced Level,"A level; A-Levels",,confirmed,UK ENIC Guide (2023),Tier1-recognition-body,2026-08-21,"The principal university-entrance qualification in England, Wales and NI. Grade scale not captured verbatim in this pass."
United Kingdom,England,Upper secondary,T Level,technical qualification,Years 12-13,~16-18,2 years,RQF 3,"School; FE college",Assessment,GCSEs,Higher education; employment,T Level,T Levels,,confirmed,UK ENIC Guide (2023),Tier1-recognition-body,2026-08-21,"England-specific. Reportedly graded Pass/Merit/Distinction/Distinction*."
United Kingdom,Scotland,Secondary,National 5,school qualification,S4,~15-16,1 year,SCQF 5,School,SQA examination,National 4 or equivalent,Higher,National 5,Nat 5,24 SCQF credit points (reported),confirmed,UK ENIC Guide (2023); SCQF,Tier1-recognition-body,2026-08-21,"Typically taken in S4."
United Kingdom,Scotland,Upper secondary,Higher,school-leaving qualification,S5,~16-17,1 year,SCQF 6,School,SQA examination,National 5,Advanced Higher; higher education,Higher,Highers,24 SCQF credit points (reported),confirmed,UK ENIC Guide (2023); SCQF,Tier1-recognition-body,2026-08-21,"The university-facing Scottish qualification, typically taken in S5."
United Kingdom,Scotland,Upper secondary,Advanced Higher,school qualification,S6,~17-18,1 year,SCQF 7,School,SQA examination,Higher,Higher education,Advanced Higher,Advanced Highers,32 SCQF credit points (reported),confirmed,UK ENIC Guide (2023); SCQF,Tier1-recognition-body,2026-08-21,"Typically taken in S6 'for pupils who need depth'."
United Kingdom,Scotland,Upper secondary,Scottish Baccalaureate,school qualification,S6,~17-18,,SCQF 7,School,SQA,Highers,Higher education,Scottish Baccalaureate,,,confirmed,UK ENIC Guide (2023),Tier1-recognition-body,2026-08-21,
United Kingdom,Wales,Upper secondary,"Welsh Baccalaureate / Advanced Skills Baccalaureate Wales",overarching qualification,Years 12-13,~16-18,2 years,,"School; FE college",Skills Challenge Certificate + Supporting Qualifications,GCSEs,Higher education,"Welsh Baccalaureate Qualification (WBQ); Advanced Skills Baccalaureate Wales",Welsh Bacc,,warn,"WJEC; GOV.WALES; UCAS QIP",Tier2,2026-08-21,"National SCC graded A*-C; Advanced SCC A*-E and 'comparable in size and challenge to a GCE A level'. Advanced Welsh Bacc replaced Sept 2023, awarded from Summer 2025."
United Kingdom,UK,Higher ed short-cycle,Certificate of Higher Education (CertHE),certificate,,,,FHEQ 4 / SCQF 7,Higher education institution; FE college,Institutional,A levels/Highers or equivalent,DipHE; Bachelor,Certificate of Higher Education,CertHE,,confirmed,UK ENIC Guide (2023),Tier1-recognition-body,2026-08-21,
United Kingdom,UK,Higher ed short-cycle,Higher National Certificate (HNC),certificate,,,,FHEQ 4 / SCQF 7,FE college; HE institution,Institutional,A levels/Highers or equivalent,HND,Higher National Certificate,HNC,,confirmed,UK ENIC Guide (2023),Tier1-recognition-body,2026-08-21,"Also appears on the RQF as BTEC Level 4 HNC."
United Kingdom,UK,Higher ed short-cycle,Diploma of Higher Education (DipHE),diploma,,,,FHEQ 5 / SCQF 8,HE institution; FE college,Institutional,A levels/Highers or equivalent,Bachelor Degree,Diploma of Higher Education,DipHE,,confirmed,UK ENIC Guide (2023),Tier1-recognition-body,2026-08-21,
United Kingdom,UK,Higher ed short-cycle,Higher National Diploma (HND),diploma,,,,FHEQ 5 / SCQF 8,FE college; HE institution,Institutional,A levels/Highers/HNC,Bachelor Degree (with credit),Higher National Diploma,HND,,confirmed,UK ENIC Guide (2023),Tier1-recognition-body,2026-08-21,"Also appears on the RQF as BTEC Level 5 HND."
United Kingdom,"England, Wales, NI",Higher ed short-cycle,Foundation degree,degree,,,,FHEQ 5,HE institution; FE college,Institutional,A levels or equivalent,Bachelor Degree,Foundation degree,"FdA; FdSc",,confirmed,UK ENIC Guide (2023),Tier1-recognition-body,2026-08-21,"An England/Wales/NI qualification - not on the SCQF."
United Kingdom,"England, Wales, NI",Undergraduate,Bachelor Degree with Honours,degree,,,Three or four years,FHEQ 6,"HE institution (Recognised Body awards; Recognised and Listed Bodies deliver)","Examinations, coursework",A levels or equivalent,"Master's; PGDip/PGCert; Doctoral",Bachelor Degree with Honours,"BA (Hons); BSc (Hons)",CATS 360-480,confirmed,UK ENIC Guide (2023),Tier1-recognition-body,2026-08-21,"Classified: First class (1st), upper second (2.1), lower second (2.2), third class (3rd)."
United Kingdom,Scotland,Undergraduate,Bachelor Degree with Honours,degree,,,Four years,SCQF 10,HE institution,"Examinations, coursework",Highers/Advanced Highers,"Master's; PGDip/PGCert; Doctoral",Bachelor Degree with Honours,"BA (Hons); BSc (Hons); MA (Hons) at the ancient universities","480 SCQF credits (min 180 at SCQF 9-10, incl. min 90 at SCQF 10)",confirmed,UK ENIC Guide (2023),Tier1-recognition-body,2026-08-21,"CRITICAL: at Aberdeen, Edinburgh, Glasgow and St Andrews the undergraduate degree is titled MA or MA (Hons)."
United Kingdom,"England, NI, Wales",Undergraduate,Bachelor (Ordinary) degree,degree,,,Three years,FHEQ 6,HE institution,"Examinations, coursework",A levels or equivalent,Master's,Bachelor (Ordinary) degree,"Pass degree; BA; BSc",CATS 360,confirmed,UK ENIC Guide (2023),Tier1-recognition-body,2026-08-21,"Graded PASS/FAIL - no classification. 'Much less common' than Honours."
United Kingdom,Scotland,Undergraduate,Bachelor (Ordinary) degree,degree,,,Three years,SCQF 9,HE institution,"Examinations, coursework",Highers,Honours; Master's,Bachelor (Ordinary) degree,"BA; BSc; MA","360 SCQF credits (min 60 at SCQF 9)",confirmed,UK ENIC Guide (2023),Tier1-recognition-body,2026-08-21,"Graded PASS/FAIL. A standard Scottish qualification."
United Kingdom,UK,Graduate,Graduate Certificate / Graduate Diploma,certificate/diploma,,,,FHEQ 6 / SCQF 9 and 10,HE institution,Institutional,Bachelor Degree or equivalent,Master's,Graduate Certificate; Graduate Diploma,"GradCert; GradDip",,confirmed,UK ENIC Guide (2023),Tier1-recognition-body,2026-08-21,"FHEQ 6 = bachelor's level. DIFFERENT from Postgraduate Certificate/Diploma (FHEQ 7)."
United Kingdom,UK,Postgraduate,Postgraduate Certificate / Postgraduate Diploma,certificate/diploma,,,,FHEQ 7 / SCQF 11,HE institution,Institutional,Bachelor Degree,Master's,Postgraduate Certificate; Postgraduate Diploma,"PGCert; PGDip",,confirmed,UK ENIC Guide (2023),Tier1-recognition-body,2026-08-21,
United Kingdom,UK,Postgraduate,Master's degree,degree,,,,FHEQ 7 / SCQF 11,HE institution,Institutional,Bachelor Degree,Doctoral degree,Master's degree,"MA; MSc; MPhil; MRes",,confirmed,UK ENIC Guide (2023),Tier1-recognition-body,2026-08-21,
United Kingdom,UK,Postgraduate,Integrated Master's degree,degree,,,4+ years,FHEQ 7 / SCQF 11,HE institution,Institutional,A levels/Highers (UNDERGRADUATE entry),Doctoral degree,Integrated Master's degree,"MChem; MEng; MPhys",,confirmed,UK ENIC Guide (2023),Tier1-recognition-body,2026-08-21,"Undergraduate entry but reaches master's level. NOT a bachelor's degree."
United Kingdom,UK,Postgraduate professional,"Primary qualifications in medicine, dentistry and veterinary science",first degree at master's level,,,5-6 years,FHEQ 7 / SCQF 11,HE institution,Institutional + professional,A levels/Highers,Foundation training; specialist training,"Primary qualifications (or first degrees) in medicine, dentistry and veterinary science","MB BS; MB ChB; BDS; BVSc; BVMS",,confirmed,UK ENIC Guide (2023),Tier1-recognition-body,2026-08-21,"CRITICAL: FHEQ 7 / Bologna SECOND CYCLE. Contrast Canada, where MD/DDS are bachelor's-level in academic standing."
United Kingdom,UK,Doctoral,Doctoral degree,degree,,,,FHEQ 8 / SCQF 12,HE institution,Thesis,Master's degree,,Doctoral degree,"PhD; DPhil; EdD; DBA",,confirmed,UK ENIC Guide (2023),Tier1-recognition-body,2026-08-21,"Bologna third cycle."
United States,"State/district (50 + DC + territories)",Upper secondary,High School Diploma,school-leaving certificate,Grades 9-12,~14-18,4 years,No national framework,"Public, charter, private or parochial high school",No national examination; some states require standardized tests,Grade 8 completion,College/university; community college,High School Diploma,"high school diploma; HS diploma","Most states 18-26 credits (most commonly 20-24); national range 13-40",warn,State education departments (via secondary sources),Tier2,2026-08-21,"Credit counts NOT comparable across states. May also require service hours and/or a minimum GPA. Diploma types (standard/advanced/alternative) not researched."
United States,National,Upper secondary equivalency,GED,equivalency credential,,adult,varies,No national framework,GED Testing Service,Four academic subject tests,none,College/university; community college,General Educational Development,GED,,confirmed,"GED description via secondary sources",Tier3,2026-08-21,"'An alternative to the U.S. high school diploma' - NOT a diploma."
United States,National,Upper secondary equivalency,HiSET,equivalency credential,,adult,varies,No national framework,ETS,Subject tests,none,College/university; community college,High School Equivalency Test,HiSET,,confirmed,secondary sources,Tier3,2026-08-21,The other main US equivalency route.
United States,National,Higher ed short-cycle,Certificate,certificate,,,months to 1 year,No national framework,Community college; technical institute,Institutional,High School Diploma or GED/HiSET,Associate degree; employment,Certificate,certificate,varies,warn,secondary sources,Tier3,2026-08-21,
United States,National,Higher ed short-cycle,Associate degree,degree,,,~2 years,No national framework,Community college; some four-year institutions,Institutional,High School Diploma or GED/HiSET (community colleges typically open-access),"Bachelor's degree via transfer (""2+2"")",Associate degree,"AA; AS; AAS; associate's",~60 semester credits,warn,secondary sources,Tier3,2026-08-21,"Functions BOTH as a terminal credential AND as the first half of a bachelor's degree. AAS may transfer less readily."
United States,National,Undergraduate,Bachelor's degree,degree,,,~4 years,No national framework,"University; college (accredited by a USDE/CHEA-recognised accreditor)",Institutional,High School Diploma or GED/HiSET; SAT/ACT where required,Master's degree; professional doctorate,Bachelor's degree,"BA; BS; BFA; BBA; bachelor's","~120 semester credits (range 120-132)",warn,secondary sources; 34 CFR 600.2 for the credit unit,Tier3 + Tier1-regulation,2026-08-21,"Typically includes substantial general-education breadth requirements outside the major. A US semester credit is federally defined (~45 notional hours)."
United States,National,Postgraduate,Master's degree,degree,,,1-2 years,No national framework,University,Institutional; thesis or coursework,Bachelor's degree; GRE/GMAT where required,Doctoral degree,Master's degree,"MA; MS; MBA; MEd; MSW",30-60 semester credits,warn,secondary sources,Tier3,2026-08-21,
United States,National,Doctoral (research),PhD,degree,,,4-7 years,No national framework,University,Dissertation,Bachelor's or Master's degree,,Doctor of Philosophy,"PhD; doctorate","60-90 semester credits coursework + dissertation",warn,secondary sources,Tier3,2026-08-21,
United States,National,Professional doctorate,Juris Doctor (JD),professional degree,,,3 years,No national framework,Law school (ABA-accredited),Institutional,"A bachelor's degree; LSAT",Bar admission,Juris Doctor,JD,"~83-90 semester credits (Penn 86; Notre Dame minimum 90)",warn,institutional sources,Tier2,2026-08-21,"Entered AFTER a bachelor's degree. No US framework level exists to state. Contrast Canada (bachelor's-level) and the UK (FHEQ 7)."
United States,National,Professional doctorate,Doctor of Medicine (MD),professional degree,,,4 years,No national framework,Medical school (LCME-accredited),Institutional,"A bachelor's degree; MCAT",Residency,Doctor of Medicine,MD,varies widely (one documented example: 182 credits),warn,institutional sources,Tier2,2026-08-21,"Entered AFTER a bachelor's degree. No US framework level exists to state."
Canada,Saskatchewan,Secondary,Grade 12 standing,school-leaving certificate,to Grade 12,~14-18,4 years,CDQF does not cover,Secondary school,Varies,Grade 9 completion,University or college,Grade 12 standing,Saskatchewan high school diploma,"24 credits from Grades 10 to 12",warn,secondary sources,Tier2,2026-08-21,"ADDED 2026-08-21. Must pass certain courses including English language arts, mathematics and science."
Canada,Manitoba,Secondary,Manitoba High School Diploma,school-leaving certificate,to Grade 12,~14-18,4 years,CDQF does not cover,Secondary school,Varies,Grade 9 completion,University or college,Manitoba High School Diploma,Manitoba diploma,"30 credits (compulsory + optional)",confirmed,Manitoba Education and Early Childhood Learning,Tier1-government,2026-08-21,"ADDED 2026-08-21. Four programme pathways: Senior Years English, Francais, French Immersion, Technology Education. French Immersion students starting Grade 9 must earn a minimum of 15 credits taught in French (from September 2024)."
Canada,New Brunswick,Secondary,New Brunswick High School Diploma,school-leaving certificate,to Grade 12,~14-18,3 credit-bearing years (Grades 10-12),CDQF does not cover,Secondary school,School-based assessment,Grade 9 completion,University or college,New Brunswick High School Diploma,NB diploma,"100 CREDIT-HOURS (80 from core clusters + 20 from flexible options); prescribed courses = 90 hours instructional time = 4 credit-hours",confirmed,CMEC Student Transfer Guide 2023-24 (New Brunswick),Tier1-government,2026-08-21,"ADDED 2026-08-21. From September 2023 a credit-HOUR system. Grade 9 courses receive NO credit-hours. PASS MARK 60%. Issued by EECD with schools acting on its behalf. Policy 316A; requirements change again for students graduating 2026 and after."
Canada,Nova Scotia,Secondary,Nova Scotia High School Graduation Diploma,school-leaving certificate,to Grade 12,~14-18,4 years,CDQF does not cover,Secondary school,Varies,Grade 9 completion,University or college,Nova Scotia High School Graduation Diploma,NS diploma,"18 credits; no more than 7 for grade 10 courses; at least 5 for grade 12 courses",warn,Nova Scotia Department of Education (ednet.ns.ca),Tier1-government,2026-08-21,"ADDED 2026-08-21. The LOWEST credit total of any Canadian jurisdiction - and a COMPLETE diploma."
Canada,Prince Edward Island,Secondary,Provincial Senior High Graduation Diploma,school-leaving certificate,to Grade 12,~14-18,4 years,CDQF does not cover,Secondary school,School-based assessment,Grade 9 completion,University or college,Provincial Senior High Graduation Diploma,PEI diploma,"20 credits, of which 12 are compulsory (3 language incl. one at grade 12/600 level, 2 mathematics, 2 science, plus others)",confirmed,CMEC Student Transfer Guide 2023-24 (Prince Edward Island),Tier1-government,2026-08-21,"ADDED 2026-08-21. PASS MARK 50% in all courses. Three pathways: the 20 Credit Pathway, an Essential Skills Pathway, or the International Baccalaureate Diploma Program. Issued by the PEI Department of Education and Early Years."
Canada,Newfoundland and Labrador,Secondary,High school graduation diploma,school-leaving certificate,to Grade 12,~14-18,4 years,CDQF does not cover,Secondary school,Varies,Grade 9 completion,University or college,High school graduation diploma,NL diploma,"36 credits: English Language Arts 6; Optional Language Arts 2; Mathematics 4; Science 4; Social Studies 4; Career Education 2; Fine Arts 2; Physical Education 2; Other Required 6",confirmed,CMEC Student Transfer Guide 2023-24 (Newfoundland and Labrador),Tier1-government,2026-08-21,"ADDED 2026-08-21. French Immersion students must additionally attain six French credits."
Canada,Yukon,Secondary,Yukon secondary school graduation certificate,school-leaving certificate,to Grade 12,~14-18,4 years,CDQF does not cover,Secondary school,BC provincial assessments,Grade 9 completion,University or college,Yukon secondary school graduation certificate,"Dogwood Diploma","80 credits in Grades 10, 11 and 12",warn,Government of Yukon,Tier1-government,2026-08-21,"ADDED 2026-08-21. USEFUL SIMPLIFICATION: Yukon follows British Columbia's curriculum and graduation programme - Yukon students must meet the BC requirements in order to graduate, so a Yukon graduate can be read on BC's rules."
Canada,Northwest Territories,Secondary,NWT High School Graduation Diploma,school-leaving certificate,to Grade 12,~14-18,4 years,CDQF does not cover,Secondary school,Varies,Grade 9 completion,University or college,NWT High School Graduation Diploma,NWT diploma,"100 credits",warn,NWT Education Culture and Employment,Tier1-government,2026-08-21,"ADDED 2026-08-21. IN TRANSITION [VOLATILE]: the NWT is moving from a 5-credit to a 4-credit course system and switching curriculum from Alberta to British Columbia; new graduation requirements are being phased in."
Canada,Nunavut,Secondary,High School Graduation Diploma,school-leaving certificate,to Grade 12,~14-18,"junior high 3 years + senior high 3 years",CDQF does not cover,Secondary school,Varies,Grade 9 completion,University or college,High School Graduation Diploma,Nunavut diploma,"minimum 100 credits; no maximum",warn,Government of Nunavut,Tier1-government,2026-08-21,"ADDED 2026-08-21. NWT and Nunavut have historically used the same course names as Alberta."
Canada,Ontario,College,Ontario College Certificate,college credential,,,"two semesters (one year)",OQF level 5,Ontario college (CAAT),Institutional,OSSD or equivalent,Ontario College Diploma; employment,Ontario College Certificate,college certificate,,warn,Ontario Qualifications Framework; Ontario Colleges,Tier1-government,2026-08-21,"ADDED 2026-08-21. Approved by the Ministry of Colleges, Universities, Research Excellence and Security (MCURES)."
Canada,Ontario,College,Ontario College Diploma,college credential,,,"at least four semesters (two years)",OQF level 7,Ontario college (CAAT),Institutional,OSSD or equivalent,Advanced Diploma; degree with transfer credit,Ontario College Diploma,college diploma,,warn,Ontario Qualifications Framework; Ontario Colleges,Tier1-government,2026-08-21,"ADDED 2026-08-21. The standard Ontario college diploma."
Canada,Ontario,College,Ontario College Advanced Diploma,college credential,,,"six semesters (three years)",OQF level 8,Ontario college (CAAT),Institutional,OSSD or equivalent,Degree with transfer credit; Graduate Certificate,Ontario College Advanced Diploma,advanced diploma,,warn,Ontario Qualifications Framework; Ontario Colleges,Tier1-government,2026-08-21,"ADDED 2026-08-21. THREE YEARS - longer than most people assume of a diploma. The full title matters: Certificate (OQF 5) vs Diploma (OQF 7) vs Advanced Diploma (OQF 8)."
Canada,Ontario,College (post-credential),Ontario College Graduate Certificate,college credential,,,"one year or less of full-time study",OQF level 9,Ontario college (CAAT),Institutional,A prior diploma or degree,Employment,Ontario College Graduate Certificate,"graduate certificate; post-diploma certificate",,warn,Ontario Qualifications Framework; Ontario Colleges,Tier1-government,2026-08-21,"ADDED 2026-08-21. TRAP: despite the word certificate this is a POST-diploma/post-degree credential at OQF level 9 - ABOVE the three-year Advanced Diploma."
Australia,National,Doctoral,Higher Doctorate,degree,,,n/a,AQF 10,University,"Internationally recognised original contribution to knowledge",An existing distinguished research record,,Higher Doctoral Degree,Higher Doctorate,,confirmed,AQF Second Edition January 2013,Tier1-framework,2026-08-21,"ADDED 2026-08-21. AQF verbatim: an additional kind of Doctoral Degree, awarded on the basis of an internationally recognised original contribution to knowledge RATHER THAN through the process of supervised independent study. A distinct AQF level 10 qualification type."
Australia,National,Upper secondary,Senior Secondary Certificate of Education,school-leaving certificate,Years 11-12,~16-18,"typically 2 years (official AQF volume of learning)",AQF: SSCE,Senior secondary school,Jurisdiction-specific,Year 10 completion,AQF 5-7,Senior Secondary Certificate of Education,"HSC; VCE; QCE; SACE; WACE; TCE; NTCET; ACT Senior Secondary Certificate",,confirmed,AQF Second Edition January 2013,Tier1-framework,2026-08-21,"ADDED 2026-08-21. The AQF states the volume of learning of a Senior Secondary Certificate of Education is typically 2 years - a figure absent from the earlier draft."
